element_start,antiquarian_corpse,ActorDataClass,
m_Tags,corpse,
m_IsBattleComplete,True,
m_ClearContainerTypes,BuffContainer,TokenContainer,DotContainer,
m_Size,1,
m_IgnoredSkillAttributeTypes,TOKEN_ADD,BUFF_ADD,QUIRK_ADD,
m_IsTickTriggerValid,False,
m_SkillBlockId,corpse,
m_DeathRound,3,
m_TokenViewValid,False,
m_IsEffectsReasonValid,False,
element_end

element_start,antiquarian_corpse,ActorDataStats
key_map,health_max,
add_stats,15,
sub_stat,resistance,stun,0.5,
sub_stat,resistance,blight,0.2,
sub_stat,resistance,bleed,0.4,
sub_stat,resistance,burn,0.2,
sub_stat,resistance,disease,0.6,
sub_stat,resistance,move,0.4,
sub_stat,resistance,debuff,0.3,
element_end

element_start,antiquarian,ActorDataClass
m_Tags,hero,hard_target,wanderer,antiquarian,
m_Size,1,
m_IsTickTriggerValid,True,
m_LocalizationGender,female,
overstresses,meltdown,resolute,
m_DefaultActorDataPathId,wanderer,
m_ReserveActorDataPathId,reserve,
m_ResistMinOverrides,death,0.33,
m_IsStallCounted,True,
m_IsRelationshipValid,True,
m_QuirkContainerId,roster_quirk_container,
m_IsActoutValid,True,
m_EquippedCombatSkillLimit,5,
element_end

element_start,antiquarian,ActorDataStats
key_map,health_max,speed,stress_max,deaths_door_chance,speed_number_of_turns,health_heal_percent_between_nodes,route_choice_chance,
add_stats,25,6,10,1,1,0.1,0.67
sub_stat,resistance,stun,0.3,
sub_stat,resistance,blight,0.3,
sub_stat,resistance,bleed,0.2,
sub_stat,resistance,burn,0.2,
sub_stat,resistance,disease,0.2,
sub_stat,resistance,move,0.2,
sub_stat,resistance,debuff,0.3,
sub_stat,resistance,death,0.75,
sub_stat,route_choice_preference,Bridge,1,
sub_stat,route_choice_preference,Cache,1,
sub_stat,route_choice_preference,StoryCultist,1,
sub_stat,route_choice_preference,Dungeon,1,
sub_stat,route_choice_preference,Gate,1,
sub_stat,route_choice_preference,HeroSelect,1,
sub_stat,route_choice_preference,Hospital,1,
sub_stat,route_choice_preference,Inn,1,
sub_stat,route_choice_preference,Store,1,
sub_stat,route_choice_preference,StoryAssist,1,
sub_stat,route_choice_preference,StoryCosmic,1,
sub_stat,route_choice_preference,StoryHero,1,
sub_stat,route_choice_preference,StoryHeroReplacement,1,
sub_stat,route_choice_preference,StoryResist,1,
sub_stat,route_choice_preference,Unknown,1,
sub_stat,route_choice_preference,WatchTower,1,
sub_stat,route_choice_preference,Oasis,1,
sub_stat,route_choice_preference,CreatureDen,1,
element_end

element_start,antiquarian_corpse,ResourceActorInherit
Inherit,highwayman_corpse,
Scale,antiquarian,0.8333,
element_end

element_start,antiquarian,ResourceActorInherit
Inherit,shared_pillager_antiquarian,
m_PopulateInRoster,True,
Scale,antiquarian,0.95,
Audio,antiquarian,event:/actors/monsters/shared_pillager_antiquarian/
m_NormalIcon,antibwport,
m_ColorPortrait,antiquarian_icon,
m_BWPortrait,antiquarian_bw,
m_ClassAltarPortrait,antiquarian_icon,
m_ClassAltarPortraitBW,antiquarian_bw,
m_StoryPortrait,anti900s,
m_CharSheetPortrait,anti900s,
m_StartingCombatSkills,pillager_antiquarian_knife,pillager_antiquarian_vapor_attack_1,pillager_antiquarian_protect_me,pillager_antiquarian_cure,pillager_antiquarian_vapor_buff,run_move,pass_heal,pass_stress,
m_AdditionalCombatSkills,pillager_antiquarian_over_there,pillager_antiquarian_idol,pillager_antiquarian_soothing_vapors,pillager_antiquarian_burning_vapor,pillager_antiquarian_get_away,pillager_antiquarian_vapor_attack_2,
m_CanonicalName,Josephine,
m_SubClasses,antiquarian_corpse,
m_DeathClassResource,antiquarian_corpse,
element_end

element_start,antiquarian,ActorDataEffects
turn_skip_effects,stun_temp_resist_buff_e,
deaths_door_survive_effects,deathblow_chance_shaping_heroes_e,
element_end

element_start,pillager_antiquarian_over_there,ActorDataSkill
m_IsFriendly,True,
m_Cooldown,1,
launch_ranks,2,3,4,
target_ranks,1,2,3,4
m_IsMultiHit,False,
m_AllConditionIds,pillager_antiquarian_over_there,
m_CanBeRiposted,False,
m_AverageRankIgnored,False,
m_ValidActOutTypes,skill_before,skill_after,skill_additional,
m_Tags,ranged,pillager_antiquarian_over_there,
m_IsStallInvalidating,False,
element_end

element_start,pillager_antiquarian_over_there,ActorDataEffects
target_effects,add_1_taunt_nr,add_1_block,
element_end

element_start,pillager_antiquarian_over_there_u,ActorDataSkill
m_IsFriendly,True,
launch_ranks,2,3,4,
target_ranks,1,2,3,4,
m_Cooldown,1,
m_IsMultiHit,False,
m_AllConditionIds,pillager_antiquarian_over_there,
m_CanBeRiposted,True,
m_AverageRankIgnored,False,
m_ValidActOutTypes,skill_before,skill_after,skill_additional,
m_Tags,ranged,pillager_antiquarian_over_there,
m_IsStallInvalidating,False,
m_ConditionIdOverride,pillager_antiquarian_over_there,
m_SkillHistoryIdOverride,pillager_antiquarian_over_there,
m_SkillModifierChanceModifiers,curse,3,
element_end

element_start,pillager_antiquarian_over_there_u,ActorDataEffects
target_effects,add_2_taunt_nr,add_2_block,
element_end

element_start,pillager_antiquarian_over_there_u,Unlock
m_RequirementIds,pillager_antiquarian_over_there,
m_CostId,hero_skill_upgrade,
element_end

element_start,pillager_antiquarian_over_there,ResourceSkillInherit
Inherit,pillager_antiquarian_protect_me
m_OverrideSfxSkill,pillager_antiquarian_protect_me,
m_SkillSprite,anti_over1,
element_end

element_start,pillager_antiquarian_burning_vapor,ActorDataSkill
m_IsFriendly,False,
launch_ranks,2,3,
target_ranks,2,3,
m_IsMultiHit,true,
m_AllConditionIds,pillager_antiquarian_burning_vapor,
m_CanBeRiposted,True,
m_AverageRankIgnored,False,
m_ValidActOutTypes,skill_before,skill_after,skill_additional,
m_Tags,ranged,pillager_antiquarian_burning_vapor,
m_IsStallInvalidating,False,
element_end

element_start,pillager_antiquarian_burning_vapor,ActorDataStats
key_map,health_damage,health_damage_range,crit_chance,
add_stats,2,1,0.05,
element_end

element_start,pillager_antiquarian_burning_vapor,ActorDataEffects
target_effects,skill_dot_small_burn,prime_combo_25pct,
element_end

element_start,pillager_antiquarian_burning_vapor_u,ActorDataSkill
m_IsFriendly,False,
launch_ranks,2,3,
target_ranks,2,3,
m_IsMultiHit,True,
m_AllConditionIds,pillager_antiquarian_burning_vapor,
m_CanBeRiposted,True,
m_AverageRankIgnored,False,
m_ValidActOutTypes,skill_before,skill_after,skill_additional,
m_Tags,ranged,pillager_antiquarian_burning_vapor,
m_IsStallInvalidating,False,
m_ConditionIdOverride,pillager_antiquarian_burning_vapor,
m_SkillHistoryIdOverride,pillager_antiquarian_burning_vapor,
m_SkillModifierChanceModifiers,curse,3,
element_end

element_start,pillager_antiquarian_burning_vapor_u,ActorDataStats
key_map,health_damage,health_damage_range,crit_chance,
add_stats,3,1,0.1,
element_end

element_start,pillager_antiquarian_burning_vapor_u,ActorDataEffects
target_effects,skill_dot_medium_burn,prime_combo_33pct,
element_end

element_start,pillager_antiquarian_burning_vapor_u,Unlock
m_RequirementIds,pillager_antiquarian_burning_vapor,
m_CostId,hero_skill_upgrade,
element_end

element_start,pillager_antiquarian_burning_vapor,ResourceSkillInherit
Inherit,pillager_antiquarian_vapor_attack_1
m_OverrideSfxSkill,pillager_antiquarian_vapor_attack_1,
m_SkillSprite,anti_burn1,
element_end

element_start,pillager_antiquarian_soothing_vapors,ActorDataSkill
m_IsFriendly,True,
m_IsFriendlySelfTargetValid,True,
m_Cooldown,2,
launch_ranks,3,4,
target_ranks,1,2,3,4
m_IsMultiHit,True,
m_AllConditionIds,pillager_antiquarian_soothing_vapors,target_stress_over_40pct,
m_CanBeRiposted,False,
m_AverageRankIgnored,False,
m_ValidActOutTypes,skill_before,skill_after,skill_additional,
m_Tags,ranged,knight_have_at_you,
m_IsStallInvalidating,False,
element_end

element_start,pillager_antiquarian_soothing_vapors,ActorDataEffects
target_effects,stress_heal_1,
element_end

element_start,pillager_antiquarian_soothing_vapors_u,ActorDataSkill
m_IsFriendly,True,
m_IsFriendlySelfTargetValid,True,
m_Cooldown,2,
launch_ranks,2,3,4,
target_ranks,1,2,3,4,
m_IsMultiHit,True,
m_AllConditionIds,pillager_antiquarian_soothing_vapors,target_stress_over_40pct,
m_CanBeRiposted,False,
m_AverageRankIgnored,False,
m_ValidActOutTypes,skill_before,skill_after,skill_additional,
m_Tags,ranged,pillager_antiquarian_soothing_vapors,
m_IsStallInvalidating,False,
m_ConditionIdOverride,pillager_antiquarian_soothing_vapors,
m_SkillHistoryIdOverride,pillager_antiquarian_soothing_vapors,
m_SkillModifierChanceModifiers,curse,3,
element_end

element_start,pillager_antiquarian_soothing_vapors_u,ActorDataEffects
target_effects,stress_heal_2,
element_end

element_start,pillager_antiquarian_soothing_vapors_u,Unlock
m_RequirementIds,pillager_antiquarian_soothing_vapors,
m_CostId,hero_skill_upgrade,
element_end

element_start,pillager_antiquarian_soothing_vapors,ResourceSkillInherit
Inherit,pillager_antiquarian_protect_me
m_OverrideSfxSkill,pillager_antiquarian_protect_me,
m_SkillSprite,anti_sooth1,
element_end

element_start,pillager_antiquarian_get_away,ActorDataSkill
m_IsFriendly,False,
m_Cooldown,2,
launch_ranks,1,2,
target_ranks,1,2,
m_IsMultiHit,False,
m_AllConditionIds,pillager_antiquarian_get_away,
m_CanBeRiposted,True,
m_AverageRankIgnored,False,
m_ValidActOutTypes,skill_before,skill_after,skill_additional,
m_Tags,melee,pillager_antiquarian_get_away,
m_IsStallInvalidating,True,
element_end

element_start,pillager_antiquarian_get_away,ActorDataStats
key_map,health_damage,health_damage_range,crit_chance,
add_stats,1,1,0.05,
element_end

element_start,pillager_antiquarian_get_away,ActorDataEffects
performer_effects,move_backward_3,add_2_dodge,
element_end

element_start,pillager_antiquarian_get_away_u,ActorDataSkill
m_IsFriendly,False,
m_Cooldown,2,
launch_ranks,1,2,
target_ranks,1,2,
m_IsMultiHit,False,
m_AllConditionIds,pillager_antiquarian_get_away,
m_CanBeRiposted,True,
m_AverageRankIgnored,False,
m_ValidActOutTypes,skill_before,skill_after,skill_additional,
m_Tags,melee,pillager_antiquarian_get_away,
m_IsStallInvalidating,False,
m_ConditionIdOverride,pillager_antiquarian_get_away,
m_SkillModifierChanceModifiers,curse,3,
element_end

element_start,pillager_antiquarian_get_away_u,ActorDataStats
key_map,health_damage,health_damage_range,crit_chance,
add_stats,2,2,0.05,
element_end

element_start,pillager_antiquarian_get_away_u,ActorDataEffects
performer_effects,move_backward_3,add_2_dodge_plus,add_1_speed,
element_end

element_start,pillager_antiquarian_get_away_u,Unlock
m_RequirementIds,pillager_antiquarian_get_away,
m_CostId,hero_skill_upgrade,
element_end

element_start,pillager_antiquarian_get_away,ResourceSkillInherit
Inherit,pillager_antiquarian_knife
m_OverrideSfxSkill,pillager_antiquarian_knife,
m_SkillSprite,anti_getdown1,
element_end

element_start,pillager_antiquarian_cure,ActorDataSkill
m_IsFriendly,True,
m_IsFriendlySelfTargetValid,True,
m_Limit,2,
m_Cooldown,2,
launch_ranks,3,4,
target_ranks,1,2,3,4
m_IsMultiHit,True,
m_AllConditionIds,pillager_antiquarian_cure,target_has_dmgdot,
m_AverageRankIgnored,False,
m_ValidActOutTypes,skill_before,skill_after,skill_additional,
m_Tags,ranged,pillager_antiquarian_cure,
m_IsStallInvalidating,True,
element_end

element_start,pillager_antiquarian_cure,ActorDataEffects
target_effects,remove_all_dots,dot_horror_small,
element_end

element_start,pillager_antiquarian_cure_u,ActorDataSkill
m_IsFriendly,True,
m_IsFriendlySelfTargetValid,True,
m_Limit,2,
m_Cooldown,1,
launch_ranks,3,4,
target_ranks,1,2,3,4,
m_IsMultiHit,True,
m_AllConditionIds,pillager_antiquarian_cure,target_has_dmgdot,
m_AverageRankIgnored,False,
m_ValidActOutTypes,skill_before,skill_after,skill_additional,
m_Tags,ranged,pillager_antiquarian_cure,
m_IsStallInvalidating,False,
m_ConditionIdOverride,pillager_antiquarian_cure,
m_SkillModifierChanceModifiers,curse,3,
element_end

element_start,pillager_antiquarian_cure_u,ActorDataEffects
target_effects,remove_all_dots,dot_horror_small,pd_ounce_of_prevention_dot_res,
element_end


element_start,pillager_antiquarian_cure_u,Unlock
m_RequirementIds,pillager_antiquarian_cure,
m_CostId,hero_skill_upgrade,
element_end

element_start,pillager_antiquarian_cure,ResourceSkillInherit
Inherit,pillager_antiquarian_vapor_attack_1
m_OverrideSfxSkill,pillager_antiquarian_vapor_attack_1,
m_SkillSprite,anti_antidote1,
element_end




element_start,pillager_antiquarian_idol,ActorDataSkill
m_IsFriendly,False,
launch_ranks,2,3,4,
target_ranks,2,3,4,
m_Cooldown,1,
m_IsMultiHit,False,
m_CanBeRiposted,True,
m_AverageRankIgnored,False,
m_ValidActOutTypes,skill_before,skill_after,skill_additional,
m_Tags,ranged,pillager_antiquarian_idol,
m_IsStallInvalidating,True,
element_end

element_start,pillager_antiquarian_idol,ActorDataStats
key_map,health_damage,health_damage_range,crit_chance,
add_stats,2,1,0.05,
element_end

element_start,pillager_antiquarian_idol,ActorDataEffects
target_effects,move_pull_1,add_1_immobilize,
element_end

element_start,pillager_antiquarian_idol_u,ActorDataSkill
m_IsFriendly,False,
m_Cooldown,1,
launch_ranks,2,3,4,
target_ranks,2,3,4,
m_IsMultiHit,False,
m_CanBeRiposted,True,
m_AverageRankIgnored,False,
m_ValidActOutTypes,skill_before,skill_after,skill_additional,
m_Tags,ranged,pillager_antiquarian_idol,
m_IsStallInvalidating,True,
element_end

element_start,pillager_antiquarian_idol_u,ActorDataStats
key_map,health_damage,health_damage_range,crit_chance,
add_stats,3,1,0.05,
element_end

element_start,pillager_antiquarian_idol_u,ActorDataEffects
target_effects,move_pull_2,add_1_immobilize,
element_end

element_start,pillager_antiquarian_idol_u,Unlock
m_RequirementIds,pillager_antiquarian_idol,
m_CostId,hero_skill_upgrade,
element_end

element_start,pillager_antiquarian_idol,ResourceSkillInherit
Inherit,pillager_antiquarian_vapor_attack_2
m_OverrideSfxSkill,pillager_antiquarian_vapor_attack_2,
m_SkillSprite,anti_idol1,
element_end






element_start,pillager_antiquarian_vapor_attack_1,ActorDataSkill
m_IsFriendly,False,
m_IsFriendlySelfTargetValid,False,
launch_ranks,2,3,4,
target_ranks,2,3,4,
m_IsMultiHit,false,
m_CanBeRiposted,True,
m_AverageRankIgnored,False,
m_ValidActOutTypes,skill_before,skill_after,skill_additional,
m_Tags,pillager_antiquarian_vapor_attack_1,
m_IsStallInvalidating,False,
element_end

element_start,pillager_antiquarian_vapor_attack_1,ActorDataStats
key_map,health_damage,health_damage_range,crit_chance,
add_stats,1,1,0.05,
element_end

element_start,pillager_antiquarian_vapor_attack_1,ActorDataEffects
target_effects,skill_dot_small_blight,
element_end

element_start,pillager_antiquarian_vapor_attack_1_u,ActorDataSkill
m_IsFriendly,false,
m_IsFriendlySelfTargetValid,false,
launch_ranks,3,4,
target_ranks,3,4,
m_IsMultiHit,True,
m_CanBeRiposted,True,
m_AverageRankIgnored,False,
m_ValidActOutTypes,skill_before,skill_after,skill_additional,
m_Tags,ranged,pillager_antiquarian_vapor_attack_1,
m_IsStallInvalidating,True,
element_end

element_start,pillager_antiquarian_vapor_attack_1_u,ActorDataStats
key_map,health_damage,health_damage_range,crit_chance,
add_stats,2,2,0.1,
element_end

element_start,pillager_antiquarian_vapor_attack_1_u,ActorDataEffects
target_effects,skill_dot_large_blight,
element_end

element_start,pillager_antiquarian_vapor_attack_1_u,Unlock
m_RequirementIds,pillager_antiquarian_vapor_attack_1,
m_CostId,hero_skill_upgrade,
element_end

element_start,pillager_antiquarian_vapor_attack_2,ActorDataSkill
m_IsFriendly,True,
m_IsFriendlySelfTargetValid,True,
launch_ranks,3,4,
target_ranks,1,2,3,4,
m_IsMultiHit,True,
m_Limit,2,
m_Cooldown,3,
m_AllConditionIds,target_is_not_corpse_hidden,
m_AverageRankIgnored,False,
m_ValidActOutTypes,skill_before,skill_after,
m_Tags,buff,pillager_antiquarian_vapor_attack_2,
m_IsStallInvalidating,False,
element_end

element_start,pillager_antiquarian_vapor_attack_2,ActorDataEffects
target_effects,add_1_dodge,add_1_speed,
element_end

element_start,pillager_antiquarian_vapor_attack_2_u,ActorDataSkill
m_IsFriendly,True,
m_IsFriendlySelfTargetValid,True,
launch_ranks,2,3,4,
target_ranks,1,2,3,4,
m_IsMultiHit,True,
m_Limit,2,
m_Cooldown,3,
m_AllConditionIds,target_is_not_corpse_hidden,
m_AverageRankIgnored,False,
m_ValidActOutTypes,skill_before,skill_after,
m_Tags,buff,pillager_antiquarian_vapor_attack_2,
m_IsStallInvalidating,False,
element_end

element_start,pillager_antiquarian_vapor_attack_2_u,ActorDataEffects
target_effects,add_1_dodge_plus,add_1_speed,
element_end

element_start,pillager_antiquarian_vapor_attack_2_u,Unlock
m_RequirementIds,pillager_antiquarian_vapor_attack_2,
m_CostId,hero_skill_upgrade,
element_end

element_start,pillager_antiquarian_vapor_buff,ActorDataSkill
m_IsFriendly,True,
m_IsFriendlySelfTargetValid,True,
launch_ranks,3,4,
target_ranks,1,2,3,4,
m_IsMultiHit,True,
m_Cooldown,2,
m_AnyConditionIds,target_health_under_25pct,
m_AverageRankIgnored,False,
m_ValidActOutTypes,skill_before,skill_after,skill_block,
m_Tags,pillager_antiquarian_vapor_buff,
target_buffs,anti_selfless_neg1,anti_selfless_neg,
m_IsStallInvalidating,False,
element_end

element_start,pillager_antiquarian_vapor_buff,ActorDataEffects
target_effects,anti_esur_heal,destroy_all_negative_tokens,
performer_effects,add_1_vulnerable,add_1_daze_nr,add_1_weak,add_1_taunt_nr,
element_end

element_start,pillager_antiquarian_vapor_buff_u,ActorDataSkill
m_IsFriendly,True,
m_IsFriendlySelfTargetValid,True,
launch_ranks,3,4,
target_ranks,1,2,3,4,
m_IsMultiHit,True,
m_Cooldown,2,
m_AllConditionIds,target_meets_heal_threshold_med,
m_AverageRankIgnored,False,
m_ValidActOutTypes,skill_before,skill_after,skill_block,
m_Tags,pillager_antiquarian_vapor_buff_u,
target_buffs,anti_selfless_neg1,anti_selfless_neg,anti_selfless_pos,anti_selfless_pos1,
m_IsStallInvalidating,False,
element_end

element_start,pillager_antiquarian_vapor_buff_u,ActorDataEffects
target_effects,pd_indiscriminate_science_heal,destroy_all_positive_tokens,destroy_all_negative_tokens,
performer_effects,add_1_vulnerable,add_1_weak,add_1_daze_nr,
element_end

element_start,pillager_antiquarian_vapor_buff_u,Unlock
m_RequirementIds,pillager_antiquarian_vapor_buff,
m_CostId,hero_skill_upgrade,
element_end

element_start,pillager_antiquarian_knife,ActorDataSkill
m_IsFriendly,False,
launch_ranks,2,3,4
target_ranks,1,2,3,
m_IsMultiHit,False,
m_CanBeRiposted,True,
m_AverageRankIgnored,False,
m_ValidActOutTypes,skill_before,skill_after,skill_additional,
m_Tags,melee,pillager_antiquarian_knife,
m_IsStallInvalidating,False,
element_end

element_start,pillager_antiquarian_knife,ActorDataStats
key_map,health_damage,health_damage_range,crit_chance,
add_stats,2,2,0.05,
element_end

element_start,pillager_antiquarian_knife,ActorDataEffects
performer_effects,move_backward_1,
element_end

element_start,pillager_antiquarian_knife_u,ActorDataSkill
m_IsFriendly,False,
launch_ranks,2,3,4
target_ranks,1,2,3,
m_IsMultiHit,False,
m_CanBeRiposted,True,
m_AverageRankIgnored,False,
m_ValidActOutTypes,skill_before,skill_after,skill_additional,
m_Tags,melee,pillager_antiquarian_knife,
m_IsStallInvalidating,False,
element_end

element_start,pillager_antiquarian_knife_u,ActorDataStats
key_map,health_damage,health_damage_range,crit_chance,
add_stats,3,2,0.1,
element_end

element_start,pillager_antiquarian_knife_u,ActorDataEffects
performer_effects,add_1_speed,move_backward_1,
element_end

element_start,pillager_antiquarian_knife_u,Unlock
m_RequirementIds,pillager_antiquarian_knife,
m_CostId,hero_skill_upgrade,
element_end

element_start,pillager_antiquarian_protect_me,ActorDataSkill
m_IsFriendly,True,
m_IsFriendlySelfTargetValid,False,
launch_ranks,1,2,3,4,
target_ranks,1,2,3,4,
m_IsMultiHit,False,
m_Cooldown,2,
m_AllConditionIds,pillager_antiquarian_protect_me,
m_AverageRankIgnored,False,
m_IsForced,False,
m_IsBlockPass,False,
m_Tags,pillager_antiquarian_protect_me,
m_IsStallInvalidating,False,
element_end

element_start,pillager_antiquarian_protect_me,ActorDataEffects
target_effects,add_2_block,move_forward_1,
performer_from_target_effects,add_2_guard,
element_end

element_start,pillager_antiquarian_protect_me_u,ActorDataSkill
m_IsFriendly,True,
m_IsFriendlySelfTargetValid,False,
launch_ranks,1,2,3,4,
target_ranks,1,2,3,4,
m_IsMultiHit,False,
m_Cooldown,2,
m_AllConditionIds,pillager_antiquarian_protect_me,
m_AverageRankIgnored,False,
m_IsForced,False,
m_IsBlockPass,False,
m_Tags,pillager_antiquarian_protect_me,
m_IsStallInvalidating,False,
element_end

element_start,pillager_antiquarian_protect_me_u,ActorDataEffects
target_effects,add_1_block_plus,add_1_block,add_1_strength,move_forward_1,
performer_from_target_effects,add_2_guard,
element_end

element_start,pillager_antiquarian_protect_me_u,Unlock
m_RequirementIds,pillager_antiquarian_protect_me,
m_CostId,hero_skill_upgrade,
element_end



element_start,pillager_antiquarian_protect_me,ResourceSkillModify,
m_SkillSprite,anti_protectme1,
element_end,


element_start,pillager_antiquarian_knife,ResourceSkillModify,
m_SkillSprite,anti_nerv1,
element_end,


element_start,pillager_antiquarian_vapor_attack_1,ResourceSkillModify,
m_SkillSprite,anti_fest1,
element_end,


element_start,pillager_antiquarian_vapor_attack_2,ResourceSkillModify,
m_SkillSprite,anti_flash1,
element_end,

element_start,pillager_antiquarian_vapor_buff,ResourceSkillModify,
m_SkillSprite,anti_rejuv1,
element_end,